"CLIENTNUM","Predicted_Closure"
768805383,0.00412123878665412
710599683,0.653598464556112
709967358,0.0736239968392301
709327383,0.0546737927401195
784725333,0.209205679802091
709029408,0.00774834544371586
787937058,0.0806019787325557
713962233,0.0222767642203512
773146383,0.519241153943078
799723908,0.567572249474227
779471883,0.825102447779237
711314058,0.807477734026562
715971108,0.247048774494213
789973308,0.356233654864316
712876233,0.252722710663724
716396358,0.0251513572623496
711743883,0.826682598564577
789140283,0.134877205574069
779155158,0.180433061473945
721091583,0.968372379579272
716657058,0.696858265467559
718619883,0.788528718717563
711844758,0.00394353837336225
721074183,0.435460428613408
715259583,0.395418583756409
785387883,0.274251895699579
714752208,0.063058031495631
719154483,0.171469636235407
716104983,0.0113423842430652
712215258,0.970137455021444
713539833,0.224763215064914
718803333,0.530621786660723
716493408,0.284094080797961
714141108,0.532765416805403
712608783,0.0670270619465438
717296808,0.149740082000032
715315833,0.236252270688221
721148358,0.646221103939399
780466533,0.0172481311216504
715735233,0.0111629193236198
708868233,0.758474521523077
748326258,0.0820581694927587
770817783,0.37735765373425
711441333,0.790066333149654
711551958,0.891688889575339
809164083,0.0122507541674777
713837058,0.591868283858988
769425858,0.361802992679911
758348808,0.660988513728771
720997383,0.819624404271316
712125258,0.951437718191168
721022433,0.0162988022964549
772390908,0.937243235217948
799471833,0.167066775401156
708528483,0.0576987294094271
720615708,0.147674520603261
721132233,0.36153146461527
712069008,0.265054732325608
715085733,0.00672355476440144
708421833,0.134645817826374
715120608,0.629975175982292
770632758,0.72605377308541
712270158,0.183596572827368
779749908,0.498932685107889
710572458,0.0556245571793954
711569433,0.241568145363203
709346133,0.052687888300441
778928283,0.166196004831663
712299858,0.122336679830332
809976033,0.0730921650952613
716203308,0.585312284431216
714871683,0.955564300372367
716139933,0.0024484936694494
772712658,0.0174231320040514
788868858,0.0445499790546513
790134408,0.355167215768335
788853258,0.0248613201780029
788830683,0.00764429492884517
719091333,0.483344971146225
709864833,0.141473841004861
719337408,0.0689185911130895
712981383,0.725657535232199
778770783,0.00543521594728127
711089733,0.515654026372962
716988633,0.0482457695084143
721333233,0.0677512223177754
714272658,0.582723300728752
719407983,0.0245965197953965
710665533,0.116535729791192
716804283,0.338304451157085
717860358,0.101909329759735
711870333,0.00912190424916322
715878183,0.762700590592538
709110633,0.11847628613115
709913733,0.0835901927126584
822893133,0.172941793935609
712138983,0.0214242869920605
710104908,0.0145673384782609
713827383,0.0142197454020797
720267033,0.0563282500061751
708688608,0.0183352061273768
716223708,0.89948372629336
711019308,0.0648043972504319
768600558,0.691773568421802
721183983,0.087318778190965
793581933,0.237068356987625
719366358,0.133212780142295
709198158,0.0260229841585718
712419708,0.00112618210540327
778686408,0.0271246625750064
718193958,0.0223719080518545
709446783,0.135282208535487
789115833,0.470765250387716
788779008,0.0402131216325394
710404533,0.0406145727114958
711697158,0.0182645847019971
709186983,0.00946274070487897
711028308,0.167974005015604
711526533,0.144606437933343
779713608,0.0488087064463137
770724558,0.170626810299879
719309958,0.311673943392599
779863533,0.0902857117049414
711466533,0.11740946144284
720923658,0.137067167285382
779519058,0.245549178875259
719085933,0.00483825524280984
718888308,0.0938211176485797
827108583,0.245164588407104
798792408,0.737635582693196
714451833,0.402953160640902
713943783,0.481452351813753
813453408,0.0973490251960995
788370258,0.00204326685658599
719945433,0.186057178924447
817663908,0.297321580849815
709990983,0.327134326040408
818045958,0.0851253198730108
713861733,0.00471302998012125
809292483,0.199249595188491
719459358,0.0426071919251473
788701608,0.50669782684894
709120008,0.287395898344963
816594183,0.00990286640617134
711668283,0.058776704187464
711676908,0.057322142832432
778623858,0.0162853397100507
715271733,0.534154739539496
720697908,0.0100630854377676
712373208,0.940729273803429
720680058,0.0074915084459283
716909283,0.00365357906264658
754654383,0.0761168986104751
807964908,0.0349478617693227
718064283,0.173718688311073
717787533,0.0137453342658395
708455883,0.806519824767977
709207458,0.295801212590748
713936583,0.00273005497192507
714648933,0.0993978473987343
719471433,0.228279377607046
715168983,0.509407358974381
710947683,0.141519271025528
718923858,0.220346929388015
752666508,0.779302623854035
712672083,0.565316002713357
720718908,0.0245680122186018
779506158,0.0183262186423031
710793783,0.0482550584580397
716341833,0.20835796949595
720426708,0.665194597450832
714989583,0.125158722574954
715901508,0.00185197668489547
708134283,0.494877576037513
766285608,0.0581258332274607
798035358,0.178293782207284
780713058,0.0145707835217883
783387783,0.0407016227623618
787800108,0.00371615058300729
778663458,0.837759299223726
713854608,0.00761841065817981
715993608,0.00914321625030911
789368658,0.165995169280146
721049658,0.0330000862712206
826775058,0.0324790275707054
714550383,0.78988584103809
709058808,0.00446380943465366
813240408,0.501590878067667
761544333,0.243419486976559
709624533,0.0174916514446749
713378133,0.0103917061555387
709217358,0.0484974444479626
720998358,0.245783043722913
715232058,0.00292379899458906
714334383,0.0492074157585674
712420833,0.0154232542177795
713845083,0.0415406038928128
713756508,0.103361171797635
789605658,0.180020478432802
721036233,0.119013518121955
717776808,0.224457218488931
717561108,0.267861242685679
713650683,0.0365456597972933
718797558,0.157412087167245
789886533,0.820486626762742
709979583,0.0165751704136134
709380333,0.0289411665450335
778574283,0.0318892880337852
813915933,0.370802854903173
824761458,0.0170512234134136
708856983,0.677064606799377
772674933,0.0710979682618502
711320508,0.517914083937149
717904383,0.00608725671623416
712475733,0.121884868873329
718996758,0.14463202563061
709961958,0.0287521333729708
721265883,0.292829738376112
717412608,0.933521838784074
820584408,0.325886368729438
718595583,0.0225311158395011
789920883,0.0539701334408431
709584483,0.0121617285336577
715855083,0.0200335605453906
711648708,0.00600487018131754
709224858,0.00728561812235283
821771508,0.00493867197999626
710522433,0.0309125877096059
779046408,0.246192844552435
719904333,0.253103191287886
718264233,0.00613618965437744
780025908,0.236356968121181
710032608,0.0212529946768487
740852733,0.00333755374190821
715937133,0.0168334618184301
789326808,0.0259073498585039
714916758,0.402195989598927
789611283,0.202809785641776
798110358,0.593891349661074
715745508,0.0139196328251675
719127558,0.0135961038710947
822984108,0.00155906261459545
719469333,0.0427611757273754
714983283,0.392135995654445
775198608,0.443657911984667
788107683,0.0438448771002336
712440483,0.0211999660335994
811534983,0.225900514565225
719728383,0.0315561234320594
717206508,0.154088972275584
821836008,0.202277510215775
718654533,0.142516003584865
708212658,0.0594095903567827
818497758,0.0510492697438658
770901258,0.0667070007123406
711499158,0.0937839412194248
771816408,0.0271189191991296
798158808,0.0905357229276824
787685658,0.395931728945018
720836808,0.00676774552160983
717277833,0.0659493438111792
712820208,0.0261269735693808
794649858,0.463185751962503
711310908,0.00185290663308312
788862333,0.544612403074335
713194608,0.00444155818426532
710475408,0.0301243208678433
708971583,0.336632165168141
789733008,0.0040628721984639
710255208,0.128859984744495
779521533,0.223502452799827
716487408,0.0109549075545504
710523333,0.0953193495502163
716773533,0.00536951988706304
822130683,0.230494001492026
827888433,0.0096978280551128
716522583,0.62607136751459
769579608,0.0915930686147778
718136283,0.258972681635901
779722308,0.553912105011451
778426608,0.0782068730719421
771099183,0.00761017794409728
710819733,0.0755704683558458
772236108,0.0383990496882444
715640358,0.272627997724634
709451508,0.147972145257768
714051033,0.125152364181549
709855608,0.764200360122451
720917808,0.00968194665033352
719873808,0.0368813461210453
715528983,0.0157529176941412
710616183,0.933968329689569
708913233,0.415177646792116
818375733,0.0725925669439486
721415658,0.00261805283844231
718623783,0.0666976908389041
709267308,0.0773970157967558
710307933,0.0459120082076647
771349458,0.0536211657817538
720009558,0.00503847319911413
717591483,0.0243933107044796
717670758,0.00790808012851981
771556308,0.392059008822874
717831783,0.499633911159698
709288383,0.00126100332540103
721084833,0.699735753774664
708799983,0.114431525990092
799498158,0.0124859587204553
716334258,0.00914777592303051
716075208,0.325653840686697
780276258,0.4474119251449
711050058,0.368771881336106
710391258,0.304613317413437
772468983,0.268179985699856
710990283,0.0191377514196535
719692983,0.461384769248879
719125158,0.0160968715823567
715216908,0.532836144020954
718651083,0.0155826839142573
816319008,0.170265094972805
708828258,0.186213199354354
713511108,0.123678125499642
717837858,0.00417220349822471
715065483,0.406189006797448
716374308,0.0173510737415301
719049033,0.0174091544628125
713126733,0.0272088094263035
779811183,0.157726118092937
715256658,0.0517547248380867
711329658,0.03058647996411
719431608,0.143882800993648
711561108,0.00071296704659091
717599283,0.0167533537354979
814086333,0.0615452454525098
758583708,0.423556254731926
720677733,0.00321957556608125
713536158,0.377327029486069
815299833,0.00628990092862582
721003008,0.634025949427177
720668358,0.497636085520284
711934308,0.0984429137923367
789247458,0.028289838533986
720122808,0.931785344698469
717159858,0.00942104554206405
737982408,0.10125743106605
716053083,0.964702245631613
772086408,0.270076948073788
718011783,0.316320058564059
719353158,0.0298283128714618
795237183,0.875060459315677
711954558,0.362942309270176
709537683,0.933850941693255
713358633,0.00043764116601948
713016633,0.481626263351295
814471983,0.347393624284648
715381533,0.0227235894409308
717678408,0.0378294815659714
757481283,0.359587667364061
720231108,0.527391015187143
719818983,0.914008817252551
771234558,0.0463623241903735
715934283,0.0176001795382756
709219533,0.0145779985552092
714457083,0.282668755424163
714043833,0.0051429388484392
789577833,0.0374610833788299
711776433,0.0162139162515426
787543008,0.0240334867107339
716277558,0.174105412612744
716548083,0.00288538303578546
712004208,0.113393361142536
809941233,0.00800266663684286
781933983,0.0206483004941248
787500333,0.00228418889036362
711065133,0.358104105739
712288158,0.064869123209729
717038733,0.288675903554952
804840033,0.302635839842625
713738883,0.12174347628631
803132733,0.430835773557296
717267108,0.0070121207756033
711636558,0.134186873147341
708892833,0.984709595494985
789833583,0.454405044379376
710251608,0.858978379339818
817142433,0.178158993411872
713309583,0.0110069311028875
818908833,0.157264059310179
715057383,0.0032733543799694
771169458,0.0659620149940209
715478733,0.0444985971865675
713469333,0.0190388168010439
711346383,0.0310527200679137
717105258,0.692759335988734
793355508,0.0307234614200729
708580908,0.190170421558271
744764433,0.169298705556663
714902283,0.104429754305613
714804483,0.466033262452405
789777408,0.769352537958831
718577958,0.989377651195619
826068183,0.119125007871325
710287533,0.109776279340775
716129208,0.814652958088917
719686458,0.20967430481594
721434483,0.0335258605534544
716096358,0.0169426564337731
717866133,0.110308641471073
768212583,0.0846795827559334
788971308,0.245331069421049
713643858,0.085450021381396
780662133,0.0956253148865561
789607983,0.035986254709049
714159858,0.100016493558976
714225333,0.127219850485516
712905708,0.260643850772003
720050208,0.00859593242833714
713893308,0.0218831825706975
752085108,0.256044740027416
784719708,0.0214235626576441
804663258,0.0103112899612251
720909408,0.0172541789303262
718428033,0.00624949952805201
716647983,0.372677160327357
708331758,0.025440276406343
709501683,0.00209044221942489
717495258,0.145435777756774
715800708,0.0123806231243755
709042908,0.0130046863407896
719273733,0.686632823930579
716128083,0.0649148005493997
715843533,0.750733445585537
717260058,0.0845673213419742
712551258,0.946556598613053
771976683,0.0972424293710828
716800908,0.902862813111384
711574008,0.389375946500828
772292358,0.775652412267187
710497608,0.00502709777295685
708446808,0.0579414392642497
717301908,0.101401387362954
718435158,0.151938177517059
713021208,0.896435043447669
787868958,0.0241883411794032
708735183,0.101873928255896
714531108,0.0303419084450342
788684508,0.300019944080022
713104458,0.959289287379426
712322058,0.0197586093736159
719327808,0.0104224144292788
714038433,0.00141748303489459
719415858,0.00337831421181578
807523008,0.0092052938955748
780865308,0.00156860289399201
771852483,0.0313635422667099
708651933,0.00147747699721125
716549058,0.0220889828898086
708980283,0.0014137407962524
780219483,0.188710980542349
715143333,0.0023958955218711
711913833,0.319101393424605
710567508,0.174772520024504
715533108,0.191235943605489
709096908,0.130754952766555
768965208,0.00506642386322568
717813558,0.777873299147526
716823408,0.00101923298573738
709473708,0.110525808743255
795810633,0.358964549326686
713879283,0.14656562205756
770781558,0.0183643453644609
790048158,0.0712245387967975
712973733,0.181450221266467
719233833,0.381214765320619
716864733,0.0267834398539452
720228708,0.0942489016297047
718589133,0.00700525983235509
715319958,0.425685606614839
798022683,0.217968167085492
769756983,0.000893541486505733
794462133,0.0202089747400239
712040433,0.00458724030081993
714633858,0.167966283448495
713384508,0.00320113515510529
710808108,0.0944916848591204
712005108,0.111812191931706
711041508,0.11415713185883
715680933,0.0852776374097839
772643058,0.0735044956110749
718199133,0.132602664265042
709516458,0.202048585990383
716456808,0.0324520575185919
716819958,0.105729841060161
770262183,0.00532819879551089
711827958,0.279260653383726
806889633,0.0283479098806015
717338733,0.0355539381012014
788783133,0.544524405125273
816325533,0.0901162331137423
796336833,0.0133743853895067
713763633,0.484914553460739
787523283,0.0486572291371953
719493858,0.0147741810462947
712060158,0.0062764297440947
713292933,0.0182624399305914
714802458,0.00160850117050842
721485708,0.0130501295063031
788784258,0.257033329390366
715749108,0.00150917066091508
717727308,0.0299005721022612
718445883,0.689848302576907
716068683,0.00494211168362414
826706208,0.0682105190833322
721218408,0.0441543179242734
719706483,0.0507802600290084
820075983,0.077572964688071
721502958,0.371830428038709
709554483,0.140222258972372
711639708,0.124574277644782
712816833,0.0209196612238786
798769458,0.000922126918123106
719483358,0.0190047419620296
772658658,0.0842414296071706
717627333,0.0366648905202005
814571058,0.00450093574390131
719336583,0.833728276518576
797638383,0.00735797722056212
823912308,0.0173756907197558
806752533,0.0137028130977091
709376508,0.133453069959796
715174158,0.00325136719655021
710892408,0.167023605276541
715261458,0.265750772242266
818294958,0.011637809756517
714199983,0.0629052883712491
787430733,0.438084833171311
799731033,0.0102533350561018
822138333,0.367995042887615
708532308,0.00179953564564656
719535558,0.000523222550705619
713766183,0.00246674779864289
789266208,0.508303563236754
709479558,0.00107229850787614
778148283,0.00702216971293991
719363283,0.100491793369538
716225433,0.00535312513359089
711076533,0.0128306128130704
716375883,0.0662945771520085
711534183,0.183393239683378
804610908,0.00812853855028638
715105908,0.0977738777108675
710524533,0.602926540898703
718934058,0.04853993768416
717613233,0.0618879468720615
711291558,0.453794217093384
716285358,0.0420497245607157
807275733,0.371500053435817
712700358,0.0524710614975007
709413933,0.525521711115416
720323208,0.000613853616160478
710092683,0.189793455261824
717132633,0.0230814946594174
714967233,0.356082472111514
755399433,0.000949684060113425
713350908,0.0200292623316094
715759458,0.0440518299724138
771335358,0.123498547656485
794293908,0.0433973006183052
807349158,0.0490545994219131
799700208,0.000682838072282301
792272658,0.094632339157225
712443558,0.0042798313949117
711835758,0.18353635855747
801700233,0.00147885397379493
716815308,0.0259888135072556
720580383,0.0677042410994034
780202908,0.0950568695020619
780251658,0.00348659393506009
708193008,0.760428859631172
715992558,0.0076539134438615
788360283,0.0081379479275823
717914808,0.291510757988431
708816408,0.0458181842811456
711251133,0.06893984128695
712801758,0.000941709725511109
717237708,0.181171705566444
709959858,0.382804727167896
712652283,0.000898072337263398
793461933,0.246205823647691
713687508,0.0161081821277854
771228183,0.00111813698262126
807209808,0.00363332243424744
720562008,0.0390796703131762
755615208,0.0186318611653733
712515558,0.00586444666177414
769463433,0.0528864184996822
715921758,0.036411035658248
717280158,0.0984659512428735
778908783,0.742158929123961
771833433,0.245537719374406
709683633,0.00663968489900589
715690908,0.0171060888099007
789125733,0.197520788625829
709695333,0.00729169157485834
710006958,0.0278181627427516
778447908,0.0150269540157346
779833908,0.00705512853744057
711935283,0.552026192568244
715338783,0.00914370251954005
779645658,0.0230180579461293
780000258,0.039410624884865
825785508,0.134825088385614
710014683,0.0651046731951063
716353083,0.0411324261249676
712423233,0.00587202866035369
711502908,0.0287601959346585
748617858,0.0227204816822424
714857508,0.0261909301747432
708494583,0.145507159333241
719562108,0.0155442830747621
719266158,0.0147005670355961
715391433,0.13519855227298
708722583,0.0398612254587899
714566958,0.424613080505102
806244183,0.00596414447577647
787999533,0.00890611081891635
716908158,0.00252415564133333
713013483,0.18706226230017
714358008,0.0541798048095158
715986258,0.0962661916062882
714466458,0.00277367958259316
719608308,0.00388350446372954
720529308,0.164623629967511
719912808,0.329472757213269
714467733,0.0195207333533871
811035483,0.970746777808308
719465733,0.239352173383764
709914858,0.000640337271332618
718917408,0.046576557051016
772565883,0.00604484222393884
801385458,0.00430144375372208
713579733,0.0136139581797728
771081558,0.00348962699052259
712146558,0.0470373066633816
718828083,0.00701726739972409
715688958,0.00259925902027233
717720108,0.0147645227835395
770146008,0.329053964462349
714829683,0.0938753934164972
757837458,0.0605666740369305
720786033,0.461298166616112
714901383,0.00511311345048209
713516433,0.00025582272148278
721498008,0.18323121026615
716613933,0.0229883166687411
756397458,0.105443164911832
718882008,0.0173749060488916
716142858,0.0202265063888569
827055333,0.57852245578738
716358033,0.252853903039439
714629358,0.923551918290655
822112383,0.00173503018225973
719184783,0.0362844148792668
719657583,0.0751450221575029
796903083,0.664561472955055
716014983,0.00629726191882452
780045708,0.014993335159986
772607433,0.0194431873293977
815085708,0.516703396520607
779683683,0.186983003601924
715485483,0.618404471228096
789220008,0.402865552790734
820346133,0.0108307768117077
718197108,0.60676079717507
769576608,0.00114558363046515
708733983,0.0401179263100663
710521383,0.0425939431273242
717569283,0.00898438211515341
719655258,0.119473660482536
711205758,0.870903842673574
714332658,0.083848411765257
779601783,0.00186889446041202
720795858,0.0865689527936065
756629133,0.762393720459854
712164333,0.0753234345337784
796791258,0.00575300940696613
717582558,0.0120807206137072
717358158,0.00285508522366865
720301458,0.0027057121172858
794579658,0.00202268018185287
712084383,0.00200322347774071
788641758,0.0700804995262453
713277783,0.0448528179285492
717451833,0.00719168332242452
773457558,0.0399802347075262
716194683,0.125761731338766
720563058,0.00731079253723571
712287333,0.00327935793706514
827691858,0.335261834213186
717265983,0.00401866617493732
815851233,0.076780295011605
771776808,0.640597936853657
709985133,0.013100609657818
709289358,0.0285679802639528
714216033,0.000720300589225003
719462433,0.0109356533123873
720527058,0.0513972669655728
806641683,0.00409658148709013
711349083,0.344604002094957
709718058,0.00182918203914451
819151083,0.0496576117706726
718366983,0.00430090386902721
758426583,0.0373337928455613
709587783,0.0857257480308115
709804533,0.00607752023196468
712076358,0.06711919666171
766131033,0.0330153730142582
719816583,0.154784543087837
715376508,0.00932335574899449
710809083,0.0321603513824841
715491483,0.0190092033157091
783381933,0.00176675614859215
811554708,0.00989222080503961
720753183,0.00226853981403058
720568083,0.166376655861507
778710783,0.00579877313794662
772472208,0.00823175466073187
780241758,0.0252733977503578
712835433,0.0469227797613054
716461683,0.0242967365619736
715054683,0.60133875434274
787770858,0.0209679511085094
710002833,0.00801127406155123
710839308,0.000388461696882102
719260608,0.0594333560010129
803319633,0.00630680601472207
802875333,0.524806344170867
712283808,0.251057956039396
736552308,0.019090507836898
713764458,0.00971550335552809
716780283,0.00211377263019679
716546283,0.0125461094080351
779270883,0.0120542941232049
827408058,0.00376156424154124
717888108,0.034562566609374
719455083,0.106178623197288
713214558,0.00957145554169965
714053358,0.0157568886659079
714594933,0.0131739972526903
712606158,0.00331931432957849
721313808,0.000411204654733485
710327508,0.00863404404963117
811970808,0.0328638961374055
708937608,0.0170158587470155
719563158,0.00133765398248027
713265858,0.000771241351802242
809797158,0.138362462424417
710748483,0.0419491679968931
709453833,0.109193208445494
811013658,0.0195196309701792
789180933,0.0120399574631433
712470033,0.0108463172469104
716039433,0.0365262151261614
715016508,0.971879357193025
779450958,0.00197639471480611
717990183,0.00139776460910314
710505483,0.0405420114924719
715448058,0.00769895228490504
712822758,0.0261995845971042
798687258,0.00436736868385869
743912958,0.0707628225185657
710984133,0.0203887971007166
716434533,0.294696555808052
716138958,0.107086164833676
815767983,0.0866682741050579
713585958,0.822507211602734
714373308,0.403821478449547
779032308,0.00475025676043361
717084708,0.0135228869140436
778247358,0.0461613653878022
715165758,0.142898904149132
713586858,0.0438460340045647
790002783,0.0337287623337987
778180158,0.00305604239136354
718220358,0.813912343025445
711423558,0.0194356161073592
714727833,0.214646765612978
715856208,0.0256668359506299
708944958,0.0224177201835817
787638408,0.0212382454166081
715974783,0.0712115634959816
780168333,0.00159646065193218
711557508,0.0121231250688677
772506858,0.0151665995734479
765731433,0.22703617597542
787361583,0.0206618382639182
709921158,0.00727448926022347
714781908,0.0968646215099565
708507483,0.0366243117114023
768256908,0.495503535398021
721451208,0.905659614820322
710932683,0.0271788009203578
711795633,0.676700032873388
716654808,0.973955659099409
719530158,0.0510085708474166
716714733,0.0160954697512468
720921408,0.00251435754107918
789185508,0.00561102469205136
789362058,0.0418379796302876
778433283,0.233109219946651
716877258,0.0825561315034383
788760633,0.0144691000762014
712365483,0.0123114891731799
778617708,0.0878007198165173
718545033,0.0038855667740501
714972558,0.736390814886935
716492583,0.00272612707630269
796236258,0.000923600926659366
710197308,0.0109138039292703
749211483,0.00510027617941188
789749433,0.000968000883889668
716711433,0.33410677819254
716385033,0.00273874955785146
711588708,0.545018605952674
780710433,0.0289294195571177
780068283,0.0633955755113121
709739283,0.00574166271714356
716230158,0.000795690580060965
718791708,0.509812117116008
712939533,0.0127196855803678
714850158,0.00120353980530453
708831858,0.681164749552789
712901283,0.898398757447058
788252358,0.00690311293280954
709957158,0.000540015581469807
717444558,0.00332769879327623
715474833,0.0112515624122424
708924783,0.00232803510710779
809360883,0.00658358432771152
714537258,0.00320125723362077
714680208,0.0421564319131659
780206958,0.0161017193738899
772341783,0.370870901237286
717099408,0.0026085913247323
789586833,0.000723038058064419
741116058,0.0776589560496063
814219008,0.0108007136221591
715093383,0.00761116953564818
747107508,0.00593485337579074
714431058,0.058967652212942
715948833,0.0127804084239441
813427833,0.0419858210980298
717846108,0.0143020320866314
720486408,0.0199740772766668
708848208,0.0012597807392046
719713683,0.00139285411820741
715514133,0.819385645221087
794707083,0.611113602672712
715716333,0.00193962263123529
780203883,0.0532306202399102
817038333,0.0374723012855805
716955783,0.0298824085651161
720614658,0.00365840257066333
713231658,0.106514003343276
708489258,0.0269260713642846
710349258,0.0324051537596127
713482608,0.000244350165419228
819363708,0.0197156139182144
711199908,0.00178890610824726
715664808,0.353469721533532
720551733,0.960630626777112
718487958,0.00250361072192103
715670058,0.0065265322910488
717035283,0.852262063510802
711047658,0.00500885881271088
803113383,0.687273726724616
793543758,0.092916210827976
712693908,0.666401993055814
718188858,0.000566237020178475
708642708,0.759529176734142
712089108,0.00543172807799244
714963558,0.0610203228757849
719583558,0.00849652308501652
718072758,0.000815724576018882
709567758,0.000729354304773431
780067158,0.605171918971952
719730258,0.0408368607779241
709274583,0.000531919622384269
821759658,0.54131660801566
820920408,0.372914944314026
718403358,0.00504583703487317
714389883,0.00283834854653654
709444983,0.535824067112362
769575783,0.562934520524737
709563258,0.374108499302012
708205083,0.0161998767129603
712257258,0.844740347651661
756477333,0.0718724136505217
772133808,0.0254562213973957
768196008,0.0312973275349336
716079708,0.0155798425300936
713789883,0.000500661220581382
710812533,0.534499869946763
720810783,0.475664524524077
715627833,0.000877948678411234
711967158,0.00354061958402934
712999008,0.00573456807676139
718137183,0.000739865911369277
718250883,0.22469710302145
802243458,0.573340311518939
714485508,0.0129577735317536
720330558,0.150918763679244
721448283,0.20496941683464
713933658,0.0243301000428102
788142483,0.0436090900355631
815308683,0.0757234414728576
754564308,0.0327779877762442
827890758,0.0342187197495765
715844733,0.0156617828205542
712332183,0.000246395665373738
716860233,0.0038160730099009
714678408,0.00256304682366649
708501783,0.0983620316607857
817089408,0.00121001919054137
803406558,0.0193439416005232
717297708,0.00763901052855815
780638958,0.00399440641975506
812493033,0.0176448895560228
711421233,0.00487681831647215
818259558,0.00776026200971877
717490008,0.00608515908030157
716989683,0.00769001287749083
711606558,0.00389221794521289
710445183,0.0044147671245925
712864683,0.946991624356076
713886333,0.25249812982653
794217108,0.00673769818306205
709610283,0.345415601511924
778915233,0.211630688722631
780199233,0.000207803889647389
711700158,0.0816462491250705
779926608,0.00229400907928869
712724733,0.00467379676671852
714292533,0.0327543168947438
709585758,0.00180121537915186
710779083,0.111311294484208
779363283,0.0133539767618726
713977308,0.00846288032849717
708290208,0.0511711901856301
720135333,0.0107136740671425
714277758,0.00187217384500069
713166333,0.00297271323201755
718697583,0.00668485681137344
717387933,0.0416199659027153
738195708,0.00642151609811913
768972558,0.154688248414589
716680983,0.00386233165287161
772545858,0.0105725787509933
717800358,0.183811311420255
798041508,0.395200465781829
718762308,0.0168220484553791
794524833,0.0737927263743847
715312158,0.0412222092263516
788095158,0.738581489947083
758653833,0.00390505070550988
789238683,0.00542352279698958
715445058,0.308244370384978
789563658,0.468882320065927
766456683,0.000632250958315713
717016833,0.0315787252228952
711871758,0.250916298299464
772655733,0.00450648524971718
780383358,0.000278741053789234
779340183,0.109489545573196
713857758,0.101651731533146
752199183,0.00238461664586176
770917608,0.0465367945397435
788989083,0.00154531901458165
720398958,0.0110590339951986
781320783,0.666419253652717
714100008,0.0670125143738826
714089658,0.587065456416497
718863258,0.242162688679001
770293758,0.000353414154637484
718946358,0.305277475642821
709449333,0.00483770405358909
716013858,0.00656897133368093
715691808,0.0869349746295034
788838033,0.581914538619129
709679658,0.106979287438446
779296908,0.179644596841999
710926383,0.0116364649009186
714283458,0.000878616000727851
804829533,0.470972608511174
793336383,0.00863111794212603
713041683,0.828339546290726
754851783,0.000415910003514802
808743558,0.0386564667663324
810868758,0.00141430579026504
719749083,0.00323083908031691
708710283,0.000355591453623208
778912683,0.00436976405103564
780496833,0.622338900988496
789081408,0.605268092569634
718396533,0.012004929813612
713285058,0.0446273859006681
710289783,0.142186377151426
780390108,0.0017148415304048
823615983,0.104786369394673
807587433,0.798730998892097
714435408,0.0858814999796991
779978283,0.0181384661795869
713370033,0.10216355204979
719482008,0.00335767329958564
779135808,0.00382467543678389
719751483,0.357287608330598
718056033,0.0949913945707331
715502808,0.00300399188834207
788755158,0.00256351077123354
712563408,0.125942089018173
789109983,0.0146263627139507
720449208,0.00370020059449083
714722808,0.000554012419954015
712202433,0.109739818137995
715660308,0.179911919210004
712364283,0.00312750676196563
809071083,0.000135809327942074
789212883,0.0673573239848365
716890533,0.00187398442149419
827628408,0.0667355669165244
758965158,0.00660253601383233
709495833,0.816333759407736
794653983,0.0084548877727235
712225008,0.00153231267987977
716982483,0.0638983330601622
712867983,0.038711447021286
718127958,0.00260457755779846
719954733,0.00557841522581769
709014558,0.0243520771785282
789097833,0.00628843921880924
756025233,0.31133542739792
710666583,0.563102007108638
720118908,0.0437888480819698
780100533,0.00373941942906548
795823383,0.0308314091711008
718338708,0.0241288159073084
815324433,0.00511238591024615
711493158,0.000444960973079161
720296808,0.166145426348101
718926258,0.00968306203611207
789481233,0.103194792942949
709837308,0.00645444313588017
709086933,0.0150700104373757
795573333,0.00409121012226356
789351783,0.00336601299163193
815596608,0.0149752593083778
720031908,0.00121791910570802
719245083,0.0260531014134205
716136333,0.0714248172823221
788638908,0.0195206732785808
715607958,0.000468659540354727
708154833,0.807284728033438
709945458,0.00150525853731455
713610933,0.00758359650978127
714257958,0.0774209429113713
787596558,0.000941778428352114
716041908,0.0265931284300868
712342833,0.00264629912110515
789942033,0.569813445345441
717179508,0.00154267378481156
711379083,0.025959829123002
718243533,0.172660835921119
711832533,0.112524707097256
712734933,0.526564831636255
810493458,0.00553492703063649
715659333,0.0318809816797552
716631708,0.00660374130333575
713025558,0.742699763062451
809565183,0.799954523574069
712845258,0.00689150745165998
711345258,0.0135022999854788
713685033,0.635414469475943
710201058,0.0980248849424713
717131283,0.00203166294830543
813234108,0.00523926104491436
709505808,0.591892812529537
711267633,0.885898169713952
719613783,0.0774534747381797
708473133,0.20858671388951
806428908,0.311001138954976
712676208,0.00900907063597967
754480233,0.170145673810136
789325008,0.0011475344497755
812465958,0.00543562536127853
711397533,0.0160649005361865
720085233,0.179157260599256
720302883,0.00586248430285057
720730683,0.0111215742166965
789053883,0.000830219841268647
789248958,0.00288759480329792
710512833,0.000351587315366654
720930633,0.80733138931866
713526258,0.902619698416027
712877733,0.00235375158401704
771058908,0.0241436566660283
709892658,0.107379122813843
710183283,0.00195332085158199
711937158,0.0187931892957075
717646983,0.562581257679086
789599283,0.0425205121877239
716108283,0.00589898829025553
716643033,0.260630136972176
711567333,0.0141480188173421
787519683,0.0199954793589859
708635058,0.000529669737389474
718940208,0.00223278868074916
708390633,0.00672433819083961
720885558,0.000251800925021644
755996583,0.9319362464653
717074283,0.597560377160737
765847383,0.0171471438801448
710078358,0.000179176839395392
715960308,0.165402175560304
803657133,0.00535978012470961
713613258,0.00375833051426332
768544833,0.0244858044521486
714516033,0.00114935688492227
780372408,0.0381983891062981
772394883,0.715634175320207
794253108,0.12316040164931
716602683,0.0318373197869941
720491958,0.107043175203391
719265108,0.000903950585741004
714204108,0.187141127839991
716244933,0.0951506747703529
794558658,0.00151010684242008
713105508,0.0885842636633982
817892208,0.00249084805613424
719445633,0.0576991710686942
718481283,0.00268161860771636
717626508,0.028345228887953
767668908,0.716299579624535
711240108,0.0476891447991237
721396758,0.00358181976659155
718212633,0.00133386279999755
788786208,0.00151685705940699
801083133,0.0350877393767165
714098883,0.0029294932079124
813182658,0.0189183831079397
781110408,0.0434528992350981
818007783,0.00101738151065053
718696458,0.0190109378427817
710611683,0.000116023248755737
753094533,0.0485225810591276
769892058,0.0247645857055448
715705683,0.0313369896904034
715724808,0.000913842947974602
716236683,0.00629903319155992
772442883,0.916840376753654
815908908,0.26546303683816
714839808,0.0012467922079417
788937933,0.000852363419263433
715821183,0.17095587559455
718469658,0.00638622245141254
809849358,0.943273999855605
718866633,0.0551530639246749
809559933,0.582813652853693
819979458,0.00335936073192654
708338958,0.00069109563745158
711527508,0.914718689808055
716023533,0.00203019502221927
714075708,0.0604633146529538
787505133,0.201328751210538
712241433,0.00272125005647792
807990108,0.208376745213317
719018208,0.711953609156142
716641983,0.0273215187979034
788997408,0.0151349737290445
719835033,0.024602797407053
718267233,0.00955407189227305
718670808,0.000294903912249515
716513358,0.00361632524607246
719073483,0.664638425653793
715372083,0.130676013574693
780034083,0.0354184736802809
710013258,0.0821649454546978
719084358,0.544568945159735
712434708,0.0302983893884304
808675083,0.00250283476633964
712574583,0.00335436118748751
771942333,0.0181358369128175
771500358,0.00343194311445831
779725833,0.0133648871830928
719277033,0.0558595997938476
718497033,0.118135267990287
789076083,0.00315016294426418
712942308,0.00155355851219759
788776008,0.000433525532610648
709368483,0.00460860470554599
717073308,0.00748744639674726
721305408,0.0132346333994088
712446783,0.442033643979548
817094283,0.0268902936602344
713023158,0.000468922756418379
803214108,0.00194597446654069
719051733,0.0349936767587634
713666058,0.0010390930361465
716170308,0.000106445655398202
819752133,0.00503388424220937
809068983,0.00779744173144378
720256158,0.00734895315703554
716559108,0.00717643011342271
788744058,0.00193959731669644
721529583,0.00463747683273422
718748133,0.0102299221381845
714396558,0.00753133388490698
719130558,0.0108731028569314
715497558,0.327570700013755
711881733,0.102293497352832
717208833,0.62295553673978
713653983,0.00194356814822474
789143283,0.0528573104987433
712169883,0.009893858567166
708888633,0.828824983290009
712222758,0.677672812104929
814586958,0.0125129709925504
713060283,0.000438246326534098
793625583,0.0008461198446876
714308283,0.0129766437024959
789523683,0.00465912198773973
718010133,0.0391217284823428
771518658,0.000849967013598081
719334408,0.00591470994822842
717500133,0.179199414083465
719848908,0.287000938123563
717429258,0.794919794484891
717022533,0.02920160214521
780055308,0.267333557326443
714252933,0.0419184821354908
713336883,0.736472463984236
713884458,0.00102832200399655
788694558,0.00916820884169853
709275558,0.193930674604325
714667608,0.0322563784723441
714475908,0.549176967167581
716790633,0.466009973425594
716127333,0.192297570324235
780032208,0.201840543911328
802937058,0.00219682066361725
712493058,0.0916904542730752
710792733,0.0180824583402507
710284233,0.671014800875676
721306908,0.607379972378743
719594433,0.00968617308331554
716310633,0.00207362531177068
788440083,0.00446402625970241
715701033,0.0387352815885904
788734158,0.0801955057758369
801508383,0.000592281568475321
711949683,0.0694056361646705
720064158,0.0901122764211766
710359458,0.00116323018188295
753795633,0.128506694664337
772310958,0.00281045524165403
720470133,0.0023553488089046
716304483,0.00358280675004834
714315858,0.00302631891601101
721124658,0.274752859033524
789479058,0.160790599343894
784998108,0.0172071268084706
714250908,0.0207389827293078
789880533,0.705012536056718
711221958,0.775547315840621
718689258,0.00230752068753765
716368008,0.300438689356159
712767858,0.166431591922334
711461658,0.00115341650050506
716973333,0.0268610883030869
709999308,0.0203936374421333
712389108,0.00110126234844961
789487308,0.0269455384003717
717239133,0.0338606649970497
711846183,0.932553679054582
720612333,0.315529889834721
718730283,0.0430665275220093
804428958,0.00996888785147094
711474333,0.837356414482714
789267633,0.00136205200580208
714557583,0.00362563923493783
772382283,0.293483159575592
817236708,0.00239900432502569
712395408,0.573962307080588
818459733,0.901809224279747
708867408,0.217882672269655
712649058,0.0388336773376111
714012258,0.0266251610083432
714388158,0.0379783403365326
720067083,0.000951652989248406
709279608,0.00363314604657276
788771733,0.0590780039204891
719716983,0.0269911238348332
711117108,0.0489517158692873
778810083,0.44743989906528
798280683,0.000926407435633464
720275358,0.275384921338407
717325158,0.00679645106106552
807136758,0.968784247802989
711389358,0.00349246274399485
794554683,0.496724938343663
751150233,0.286179564729615
768675483,0.0376041710928234
711323283,0.29276221119919
719245983,0.0121339538954563
711533058,0.00177160970132564
708680583,0.00233298823713501
715842183,0.0827023796653184
721399833,0.00245862271049816
708727983,0.0152910365509696
716959833,0.0788546854787893
715071483,0.00249887284736538
781337658,0.000687097176823017
715784808,0.00382228606082042
709175208,0.00871166510611549
779577108,0.200112247235354
801497508,0.0229234738753554
717699408,0.00290730299525204
709329558,0.166800361541429
710051658,0.00841879216669084
757527033,0.169924238362604
803197833,0.00484912430256378
806900508,0.00873162122314719
808950108,0.01147650326693
713981283,0.000479206974398287
748194633,0.0102939700359008
716369208,0.00426706117746619
712753758,0.0339881846920276
819684183,0.0898341323523302
719630358,0.811004483733313
717255333,0.782092904346519
788797983,0.000279206702678304
819351258,0.00520105480790203
779942808,0.0208345804131065
713709258,0.0100889802407878
779961408,0.0456711435083498
754968033,0.00716111373702225
711363258,0.00835303126415362
711125358,0.0371290102369656
717524433,0.00223165005050064
713675658,0.00509507871334006
712869783,0.0247672184776148
719815383,0.0041246347284159
808747233,0.0758472247853587
713084208,0.249301342479132
717395733,0.0249992345651754
716231133,0.0621558572675809
709575858,0.0550861572472954
719250783,0.0767502356181874
714616308,0.0240229485230244
766021083,0.809037076047424
719756133,0.435462117774011
768412608,0.00546291199087677
768243858,0.175076765237364
811713408,0.00800624934636875
708822783,0.00525874198340697
804413508,0.000595651739242035
717862308,0.00158929148740903
789301458,0.0025910782934215
713792583,0.0105580495060192
719577258,0.940256216850876
718707933,0.274352089525272
772687983,0.140087139399013
715009833,0.0131291890884213
825753258,0.00184906499298485
772162683,0.184880123758398
714418983,0.0194878740885358
711276933,0.00258060284950986
718165758,0.000833816340807935
708158133,0.0408185585009414
716511483,0.231380187418921
712154883,0.0354008927624069
792695808,0.009525203823363
788876208,0.145158439585037
772069683,0.00124397896529821
827100333,0.00434733617661723
802856508,0.00445508890309839
720654183,0.31448979106552
715880283,0.00680302544265482
715797783,0.00897723635043594
715995933,0.000847465760178095
713567958,0.0157613041408263
721484283,0.00214473822703673
789925833,0.00263116534003635
709614333,0.00680483944836969
708684108,0.357618991844775
768638208,0.00241642938356145
708869283,0.00617799260775703
709762008,0.00138313738811238
708600033,0.00576239206245921
826709658,0.908335599130147
752648883,0.0312162293611765
779667408,0.00450330770281428
719098308,0.195275023156267
771433608,0.0504542742496748
825811158,0.0029177833886043
780720258,0.27037025876312
718570158,0.00832181478947815
710439483,0.026606693330707
720818658,0.0530902649160266
716157408,0.0285701550142958
804371733,0.00130281335221078
794675058,0.0848956017128242
778919583,0.00947804142262291
715047333,0.000971317504099385
803339583,0.047353965907215
809452383,0.000696426500214815
823878408,0.00618597531061114
779533983,0.00142882558939328
713583408,0.327040098386844
718645308,0.00793877123033362
708768258,0.000204128669970579
720872433,0.877454181433784
810986883,0.00217199634627674
827062158,0.0110564952202809
710669733,0.00956484557660111
714572208,0.0218720601641569
708976908,0.762668828046297
711264033,0.0408068484274351
720152058,0.000181421310502451
709077933,0.0587331607645664
708894183,0.0134295272876268
718194858,0.00424116611219576
827123883,0.00107748384625848
716581983,0.0033020889447583
811942983,0.0127815708037776
712740108,0.508514365219287
712307283,0.0628432015047184
710637183,0.0719594132959557
714991608,0.0827131889247327
779848383,0.381275130745074
713541033,0.00478388526884309
787514433,0.0613693019370426
716825808,0.000248323698741475
718932633,0.0608933018929154
717725433,0.790257793513327
779458383,0.00747503347228694
713948808,0.00286848398170667
816315558,0.00922325359769513
719775408,0.0923380426367851
712070208,0.00371378759262557
710690733,0.853278570589273
709836258,0.000855923872038714
717836733,0.00111814216623724
718848183,9.30578664577255e-05
719034183,0.0012788108451427
715672458,0.0110376647816439
789820308,0.0643959302125166
792300858,0.0268073814375002
710978058,0.00533504189483943
710723958,0.00103179065618055
823840458,0.00377232553647402
745853283,0.00830098530853371
818710233,0.00832536597757691
720547533,0.00339358577838823
714735033,0.00612481374719783
717278808,0.101507357976641
788772708,0.039416502288308
721181883,0.0642364974891125
711343233,0.0105755933966395
790021233,0.0109509165675825
714164808,0.25498224291256
779523258,0.00128154227354178
711851583,0.00138202508633323
711904008,0.76346147181805
745124658,0.00923788436161035
778405458,0.00439636463193768
711391308,0.000855298918386681
717688233,0.000874162087540779
712669983,0.0151092121163825
720563958,0.000713397383159709
713177808,0.000989104894092838
715303608,0.0019035845969852
712998033,0.587123877500327
712843983,0.776105054911451
717947508,0.00114115888646917
714245358,0.0254201519089894
716313858,0.00186925234550661
715144383,0.0107659130263728
717971208,0.335487837529104
713503983,0.00434989780160518
779947908,0.0320637110402708
720777558,0.00326297147196535
779404383,0.00846751604929341
718607883,0.00370222703600501
708899283,0.0273432738039371
709245783,7.03413925178471e-05
720507108,0.787356763663814
712829808,0.724176757630973
711900033,0.000676648241237917
826136283,0.027084851400334
778659108,0.000999006311498879
719592483,0.00405780575692479
717042333,0.838325397752717
779114283,0.02510027065987
813967983,0.0034308664675323
789631908,0.00184224397647179
715847058,0.584324966256348
710219658,0.0431987721721432
719532108,0.0133198181406352
708273858,0.0198236326931052
714169908,0.00300576320287987
789233808,0.00264971319049421
709071408,0.0125293296243112
815830083,0.0147167337487186
715281933,0.198754393892971
804583833,0.000470971442348807
715321983,0.00178733718828576
808527183,0.000245534821887321
714514008,0.658424571861397
711669258,0.666561214505242
778349883,0.00419350467525346
714668433,0.0202327999845722
737962608,0.00567056519583811
778781508,0.216277222721187
713239308,0.0106897640527012
797410983,0.032008129206563
721167783,0.0584159030876188
712130058,0.904449994495678
714060408,0.00112603575085863
709762908,0.00561495171151616
767388783,0.0927945280671416
778245633,0.0350753797762791
718535733,0.00927538276861474
716249508,0.0144175155864953
716953083,0.00675197082259144
720590058,0.25514817222996
717748608,0.263419871576976
719372583,0.00391056856573688
709068183,0.0521194653821549
807604233,0.0109537580442681
801786483,0.0012433492165436
774675933,0.0145937707079698
716741508,0.0219277196049707
721106133,0.0159075629736944
719512983,0.858845877724353
718755483,0.00290646842979237
753233733,0.0915941446859006
713922183,0.0163833440778747
793630083,0.899598220350297
736893108,0.0362161876210671
711150333,0.82592418693569
713634108,0.0903023282472571
717231558,0.0276379027072252
713328108,0.0213640171146942
714600258,0.0263844995432619
708307533,0.04293275361626
820085808,0.0052365792367415
709927458,0.0415653605435463
719862258,0.0201202972911798
788719533,0.209780460805461
715566408,0.0621776571146004
779420583,0.0137920817755802
780360558,0.0196297757913477
715012833,0.0156373865297753
712831908,0.0158548618293619
772346358,0.0380532225198588
711807333,0.0222105691568809
710794983,0.00358706387452647
779837808,0.0131722496748361
712177908,0.0386298188725585
793379058,0.0284585221926127
717409533,0.725682781576274
787452333,0.792473655653491
819690933,0.0121805947751702
708959583,0.0102470489166818
719860308,0.575474275616941
717651333,0.156506516988037
710742408,0.00026814981854115
794227308,0.00376833538940233
827442858,0.0190260855391811
718806783,0.770663860576095
710838108,0.0129610096110239
789491058,0.0443839965318802
720961383,0.749258034049354
715549158,0.00785886466744916
715904433,0.817468106628428
779916408,0.594119329842615
714979383,0.067502981609425
711102858,0.716872753127327
717596883,0.0405457857650295
771730758,0.0510751507171056
780265458,0.00600791837819329
712171158,0.00115337488443507
709901058,0.00713925849936978
780073158,0.00110093013252325
713144208,0.770568482374011
770774133,0.185311664459711
718825908,0.00541475145432801
779922183,0.0074445031529122
719449533,0.372718689279477
806634783,0.0593574985034115
708514383,0.00109481195293383
814181433,0.200827764473869
713027058,0.97530023331816
778228458,0.132447243945739
769676358,0.013873891292706
714843483,0.0133155384807477
789228108,0.0224203842598761
717284133,0.0125242204696169
711701058,0.0129901987136415
713274183,0.00411842894076391
710780883,0.107600930084762
710797833,0.0159815352197663
780942633,0.00756245058677808
708876183,0.174606848643051
708824958,0.146191867354004
712804383,0.00283767799915697
712144158,0.0885605568120597
757710783,0.107022615462835
710481333,0.151622165085767
721060083,0.00396644559106096
757685733,0.0355314446600498
798238008,0.00390118859144868
718147233,0.0037394705245341
712790358,0.275303564840963
714943233,0.00327031120727432
787467858,0.0398064401268416
708671733,0.044445828211236
709790058,0.00234843448486187
757722708,0.0213044735232967
715083633,0.0227392271604665
711873858,0.00421218529623316
801518958,0.221872503087108
784895358,0.549802810216318
710090133,0.0499223354607622
799242033,0.00672497264983357
710371683,0.00284976060206084
709389558,0.111596437744724
709087983,0.052216526035535
713497983,0.79313664680348
714317058,0.0256625601163237
772271508,0.924245760326614
716366208,0.00959912649441927
710971908,0.0156408611869554
711412533,0.300000138447754
778436283,0.0408354825680735
711492258,0.000985585784099652
781073733,0.102020038555145
778191933,0.594241337493195
716324583,0.0650236696891564
785285883,0.683099411513703
789164283,0.00104562333218933
715773783,0.911962361063641
779158533,0.132806749545957
720463833,0.00888358155119789
719022558,0.146119902795398
717334233,0.0175797329375602
770581983,0.0168402636373934
708416433,0.709088565921121
779183958,0.981839640255333
709061658,0.019100149687131
714714558,0.0201444911703344
710532258,0.00290867283366439
711272058,0.0785947241269986
716262708,0.160299031554073
779638983,0.0239070686185628
715534083,0.0419750184990911
789492558,0.0137739370476682
717004533,0.00819608150617115
720518283,0.0619074680725901
715309083,0.0364875039603264
711944733,0.0119495418272661
718329183,0.0238980538848178
712524858,0.0590987491679236
719150658,0.723862188491932
719601708,0.054882153956572
798777708,0.129516497508657
796544133,0.0220708319169026
714742758,0.00918578044997699
719237058,0.0033364645768727
788290383,0.0130142747251082
779701983,0.0999594949802407
812446158,0.54254757848325
771356508,0.0240510945723736
710464683,0.00793605777073976
789082758,0.0143861674956364
709140858,0.0632410471912908
721112508,0.0802914952695939
772286658,0.0129245042004692
710937783,0.0315298444256713
714276408,0.825685782539887
718795083,0.00399417467358093
711232608,0.940940077145203
708207783,0.205166040522114
778679883,0.0686379493154316
807379833,0.916894394388673
779141658,0.0189470478846295
811889808,0.00338665944875385
718200333,0.00945957909523897
713916708,0.00122620104817532
712879158,0.138605576321116
709474683,0.0170715514898714
772313358,0.0119163777581556
711856683,0.0648422382194752
716288208,0.0292342363321504
806432433,0.005253218157812
714664683,0.154989554498509
718078008,0.0274066665011753
798546408,0.0108855375291992
789016983,0.0427004584535757
714047733,0.018581525920112
710061783,0.0139908791528577
720935658,0.0955106847924912
708907833,0.0109699657590525
789525408,0.0229285195470031
819975183,0.0353251331537824
785515533,0.0178339250183748
709861008,0.00355604861223975
713425383,0.386611130600732
717926358,0.00306008177824817
779751258,0.00763263942285887
717109983,0.0126943247348997
715237683,0.0243896490718474
721468533,0.0538100347021123
711152658,0.024263002730004
717535083,0.0198063724436573
712453308,0.181184798733532
721008933,0.00465781709365451
792524358,0.00910130725920765
801380808,0.0557520982348955
716871633,0.0214989687382369
787502883,0.0123486344566806
713087958,0.029517172047815
721495458,0.00374585188170619
720891633,0.0284766634856362
719607183,0.0223322997715302
812794983,0.0183369592811442
721063533,0.129754104440414
708877458,0.0991038512171654
787496733,0.0108021620051287
784819758,0.00263300709970073
789560433,0.77322491391961
780545133,0.0310043536912861
709556208,0.00344436546561488
794482158,0.0368963702164631
712447758,0.0157424873020463
721227258,0.0246221137352026
719121708,0.0110773457020284
788811558,0.5503778793844
717895833,0.0114119120718798
716725008,0.00655008007485513
716574033,0.0413755841793382
774099708,0.0446436407767065
818316108,0.0713054489888592
794571108,0.13801985294743
714422058,0.0226570995104693
788812608,0.264939065762937
790051758,0.150682171708378
713460258,0.0289616117862074
711830433,0.099928495820315
720317658,0.078715458414969
710596983,0.00553848055775999
717382608,0.0184789516462228
789186858,0.00573272904816323
717658758,0.06653795489383
714975633,0.0102257984333403
715396983,0.00620421794266106
721335558,0.0171520046806258
772098858,0.0783678132021342
780108408,0.0405902622047304
714019083,0.00356433780347913
819109308,0.0183347347352221
794191008,0.0128264221455606
788327358,0.00308403062033448
713090658,0.0282075669268816
717370533,0.00635666883145939
709722858,0.0120883147862794
812443458,0.0624204130557389
709770408,0.00125292539369943
797898858,0.0465180485714767
712157958,0.925213864442941
712129158,0.0038372769635151
714880533,0.0138575971740488
711577458,0.00754072603976178
778420383,0.00116703386763193
812224983,0.00268049898085148
716283108,0.127631401314901
718528833,0.00453479529178215
718276758,0.00415870549935998
719296383,0.123393617761412
780497958,0.0154271624008724
823648983,0.00310982078709653
708748833,0.0170393138019391
710360583,0.00147728029504902
812534958,0.0116715691631134
826451433,0.00136182664609289
714190983,0.868327654232323
713209308,0.0117629513279881
711339258,0.0609751722504351
716486508,0.0279053657246893
717140733,0.439663079981029
713870958,0.516924218149881
720819858,0.00753276713021104
709883883,0.019677945396228
714352533,0.214126196231832
718732833,0.429131380473473
816328308,0.00929625327291844
711814608,0.00680864028587275
803216433,0.0625770602186392
713131158,0.775942823508695
718113633,0.713723610652656
712152408,0.0791499855178215
720086358,0.0029430563861779
719222133,0.128418884743795
812247033,0.672776190532874
710161083,0.898643081340098
712990458,0.00980120691674847
789594108,0.0780682978863911
714959358,0.023502853864802
719593608,0.0491255572752356
716088783,0.568018254164888
718458858,0.902056426009917
715754133,0.0910199147877103
715630983,0.122733459517373
712768983,0.426822695179853
716881683,0.328831115588208
711108408,0.0289306486295592
768643158,0.00245218836634103
720943308,0.00430594020316363
712833633,0.0303208655236043
780730008,0.0187103951783749
718045008,0.172142179072602
714759708,0.188304229349802
712256358,0.0126110681743196
710968008,0.00289252339659088
814590483,0.342586367324281
720621408,0.311752329353242
711328458,0.000392405911839284
766224933,0.00101708437298313
716124408,0.598545543166497
716987358,0.145362404211764
716296833,0.00930080919438733
712238958,0.0581634121979431
719719158,0.0641417495411798
716947083,0.0141070389616447
712952283,0.000732279594446968
708226833,0.0759250202533832
709476033,0.00137016155057802
712517808,0.0752816501809448
714303483,0.00551428197980156
710019933,0.0171454378873623
719610708,0.000553156356499969
715026258,0.00508218516248033
712180308,0.025047418638885
709514433,0.00688575321445606
718661958,0.0157442106623367
714682233,0.03390373810454
713686008,0.0446734049381764
712895733,0.0252771649882254
719039283,0.145880135553677
822885033,0.00127527606554678
716543433,0.124800920332328
709397508,0.0298049658388491
720748608,0.616972826478742
802449933,0.010588693862453
716723658,0.145775709087619
710162133,0.567335246627464
710878308,0.704356681559735
712609533,0.0041193793552256
823837158,0.0255504148221041
770926158,0.00171237015906756
708285108,0.00171188080376516
813764283,0.00513989915903505
772640808,0.0294822738322549
718425333,0.00449391566671505
710603958,0.0419961021460142
713810658,0.139303829815512
710106933,0.0341954423892918
713269533,0.0264355056411919
710873583,0.00833429455715987
718486608,0.128421732458704
713691633,0.002862876913052
708866133,0.0018328985417156
757256358,0.0454001283155191
710845308,0.0112524781094294
718337733,0.00108038340795724
712556433,0.412107894370853
718947558,0.0276928218175956
710303208,0.000616548071433336
716004258,0.0129353740091498
719850933,0.0727433881805048
721290708,0.194464695192582
768457008,0.311564008397893
709971708,0.7801302439608
794132808,0.14156495813563
709015833,0.00506991994440978
718612758,0.00387665123404152
712206033,0.00176500360255385
718528008,0.0385044110587509
710529708,0.0658363708049584
717464958,0.0833389222989501
710856558,0.0386596129897017
716457783,0.0680092210979515
710810883,0.016464740795304
718578708,0.0893610349489951
789280683,0.0233098539250334
709315383,0.123507151984455
710141208,0.0196059396994386
779808333,0.0130897807653753
714912408,0.0063801226054936
719595708,0.000595108234606836
713242383,0.0182417354966174
716150358,0.0134335526288861
717457008,0.072933529174366
803968233,0.0117445377747582
779037408,0.142978716579378
709007883,0.105139678990122
779914383,0.00442311187979082
820922733,0.00102583440667106
713379258,0.0494853948505336
710232483,0.0114864182554203
710170758,0.00591412123314029
792152283,0.412196355594297
719379858,0.465935828725732
708340758,0.428047027472327
718376583,0.798619501051733
767414808,0.0109136713276935
709996833,0.445344236684827
718774533,0.00701422443395418
710178558,0.0178692092145405
758617233,0.119648739298009
714103083,0.00225292482043212
713347608,0.777155831390474
721395633,0.0375082583018857
721086483,0.154620063629748
710858658,0.142203960169643
788019483,0.00098739073816987
758753283,0.332157119012767
716933283,0.000756801416662019
721459008,0.0135934199491188
712941483,0.902106452148832
778888083,0.626964536144703
771561183,0.0598776137122903
709937583,0.034658149535687
770743983,0.759067181854386
709592808,0.134202250704545
822084333,0.307406776086696
717174558,0.436737061169227
720995583,0.0215465678586296
717081483,0.073164662461193
714785508,0.108771752651262
718496283,0.00485444608815111
720515883,0.0919660967646775
711460458,0.149160373062719
710047533,0.487492757097534
716708583,0.83715463846839
714879483,0.816876570332679
714919308,0.431709931370235
717774333,0.85892038525054
804431283,0.00144644927944366
720237408,0.00775102718595256
809589783,0.0393000223654075
712627083,0.194063508283288
789937683,0.00128805231220542
713994108,0.000602125062174342
711745233,0.899007012653754
721455558,0.0890057223387387
719934783,0.0645270660573375
714524583,0.100723083472052
713833233,0.0054647502655429
709831983,0.0140718398353656
789398733,0.139595183271525
779900808,0.438174748329874
816517683,0.0192258764491948
715713408,0.291115435777702
770038983,0.459204462629261
708942408,0.0399432930806665
709578258,0.0450221919162424
709865883,0.797933709009204
717390408,0.0396461697093622
817035108,0.0208766410347971
714385983,0.0104130775420301
718161708,0.00529357414388734
716644008,0.860816506202762
717185658,0.15251004937195
714471183,0.751602042942989
780613758,0.772802219068525
718225683,0.0252005774288737
710734308,0.00598901697353754
714109308,0.0587674403441649
713899383,0.00647921433138895
772366833,0.0123145232707227
